,ARTIST_NAME
1,비
2,멜로망스
3,DEAN
4,박효신
5,마크툽 (MAKTUB)
6,구윤회
7,에릭남 (Eric Nam)
8,웬디 (WENDY)
9,Skinny Brown
10,TOIL
11,보아 (BoA)
12,ASTRO (아스트로)
13,에일리(AILEE)
14,래원 (Layone)
15,이영지
16,BIG Naughty (서동현)
17,매드클라운
18,김나영
19,김승민
20,오반 (OVAN)
21,AKMU (악동뮤지션)
22,PATEKO (파테코)
23,릴보이 (lIlBOI)
24,박재범
25,Crush
26,GIRLS' GENERATION (소녀시대)
27,2PM
28,허각
29,지아
30,볼빨간사춘기
31,EXO
32,Red Velvet (레드벨벳)
33,나윤권
34,Sam Smith
35,던 (DAWN)
36,NewJeans
37,먼데이 키즈 (Monday Kiz)
38,이석훈
39,MSG워너비
40,NCT U
41,지수 (JISOO)
42,IU (아이유)
43,god
44,imase
45,포맨
46,레이브릭스 (LAYBRICKS)
47,BE'O (비오)
48,블랙펄
49,거미
50,가인
51,엔플라잉 (N.Flying)
52,Michael Bolton
53,이소라
54,제이레빗(J Rabbit)
55,BLACKPINK
56,고유진 (플라워)
57,산들
58,길구봉구
59,투모로우바이투게더
60,벤
61,마은진 (플레이백)
62,태연 (TAEYEON)
63,선우정아
64,죠지
65,YOASOBI
66,휘성 (Realslow)
67,TWICE (트와이스)
68,IZ*ONE (아이즈원)
69,홍진영
70,심수봉
71,김민석 (멜로망스)
72,강민경 (다비치)
73,잔나비
74,BTS
75,JUNNY (주니)
76,FTISLAND (FT아일랜드)
77,소찬휘
78,더 넛츠 (The NuTs)
79,브라운 아이즈
80,2NE1
81,IVE (아이브)
82,Weeekly (위클리)
83,우주소녀 쪼꼬미
84,걸스데이
85,BØRNS
86,offonoff (오프온오프)
87,백아연
88,윤미래
89,백예린 (Yerin Baek)
90,박진영
91,XIA (준수)
92,안예은
93,백지영
94,성시경
95,BIGBANG
96,린
97,환희
98,하동균
99,펀치넬로 (punchnello)
100,티아라
101,새소년
102,피아노맨
103,LiSA
104,2AM
105,그리즐리 (Grizzly)
106,Ariana Grande
107,Sia
108,덩크 (DUNK)
109,10CM
110,피에스타
111,염따
112,딥플로우
113,팔로알토 (Paloalto)
114,The Quiett
115,사이먼 도미닉
116,윤하 (YOUNHA)
117,정준일
118,G-DRAGON
119,검정치마
120,AB6IX (에이비식스)
121,닐로(Nilo)
122,김종국
123,라디 (Ra. D)
124,경서
125,호미들
126,세븐틴
127,여자친구 (GFRIEND)
128,(G)I-dle ((여자)아이들)
129,B.A.P
130,러블리즈
131,베스티
132,WINNER
133,"트리플 H (현아, 펜타곤 (후이, 이던))"
134,ITZY (있지)
135,YENA (최예나)
136,DIA (다이아)
137,인피니트
138,김현정
139,존박
140,긱스 (Geeks)
141,izi
142,aespa
143,나연
144,마마무 (Mamamoo)
145,GOT7 (갓세븐)
146,뉴이스트
147,EXO-K
148,임창정
149,JAMIE (제이미)
150,오왠 (O.WHEN)
151,바비 킴
152,AOA
153,Parade Of Lights
154,이선희
155,노을
156,한동근
157,알리 (ALi)
158,SURAN (수란)
159,나비
160,Zion.T
161,정인
162,EXID
163,신용재
164,다비치
165,CHEEZE (치즈)
166,PSY (싸이)
167,비투비
168,지코 (ZICO)
169,Mindy Gledhill
170,송하예
171,케이시 (Kassy)
172,페퍼민트 (peppermint)
173,양다일
174,소유 (SOYOU)
175,투개월
176,ASH ISLAND
177,Cosmic Boy
178,윤딴딴
179,봉구
180,박재정
181,박지윤
182,제아
183,청하
184,Kid Milli
185,SHINee (샤이니)
186,NCT 127
187,전상근
188,SS501
189,유성은
190,Wanna One (워너원)
191,한요한
192,박경
193,샘김 (Sam Kim)
194,조광일
195,PRODUCE 101
196,효린
197,모모랜드 (MOMOLAND)
198,브레이브걸스
199,DPR LIVE
200,위키미키 (Weki Meki)
201,스누퍼 (SNUPER)
202,성훈
203,장범준
204,바이브
205,제니 (JENNIE)
206,숀 (SHAUN)
207,버스커 버스커
208,씨스타
209,iKON
210,선미
211,전소미
212,우주소녀
213,펜타곤
214,Kep1er (케플러)
215,아이오아이 (I.O.I)
216,스피카
217,Bruno Mars
218,Oasis
219,ATEEZ (에이티즈)
220,이무진
221,원어스 (ONEUS)
222,조권
223,Apink (에이핑크)
224,정세운
225,식케이 (Sik-K)
226,테이
227,비비 (BIBI)
228,씨야
229,리쌍
230,미쓰에이
231,f(x)
232,레이디스 코드
233,현아
234,오마이걸 (OH MY GIRL)
235,블락비 (Block B)
236,로제 (ROSÉ)
237,디핵 (D-Hack)
238,에이트
239,B1A4
240,스탠딩 에그
241,라붐 (LABOUM)
242,페노메코 (PENOMECO)
243,이효리
244,Dok2
245,SUPER JUNIOR (슈퍼주니어)
246,하현우 (국카스텐)
247,임영웅
248,그루비룸 (GroovyRoom)
249,릴러말즈 (Leellamarz)
250,정승환
251,종현 (JONGHYUN)
252,최강창민 (MAX CHANGMIN)
253,황치열
254,이적
255,간미연
256,로꼬
257,Maroon 5
258,Billie Eilish
259,pH-1
260,써니힐
261,H.O.T.
262,빈지노 (Beenzino)
263,프라이머리
264,키 (KEY)
265,경서예지
266,서인국
267,수지 (SUZY)
268,백현 (BAEKHYUN)
269,쿨 (COOL)
270,원슈타인
271,폴킴
272,헤이즈 (Heize)
273,VIXX (빅스)
274,케이윌
275,카라
276,SG 워너비
277,옥상달빛
278,혁오 (HYUKOH)
279,Tablo
280,창모 (CHANGMO)
281,이승기
282,윤민수(바이브)
283,이하이
284,왁스
285,sokodomo
286,김아중
287,이승철
288,프로미스나인
289,STAYC(스테이씨)
290,영도
291,버즈
292,이장원
293,젝스키스
294,윤종신
295,영탁
296,DAY6 (데이식스)
297,아웃사이더
298,Rae Sremmurd
299,소녀시대-태티서 (Girls' Generation-TTS)
300,어반자카파
301,쥬얼리
302,김하온 (HAON)
303,비비 (BB)
304,적재
305,신현희와김루트
306,자전거 탄 풍경
307,이문세
308,CNBLUE (씨엔블루)
309,Naomi Scott
310,부활
311,김원준
312,시크릿
313,San E (산이)
314,장윤정
315,엔알지 (NRG)
316,Katy Perry
317,온앤오프 (ONF)
318,로이킴
319,서인영
320,Sting
321,Kristen Bell
322,빌리
323,기리보이
324,올티 (Olltii)
325,최재훈
326,Risso (리소)
327,규현 (KYUHYUN)
328,V.O.S
329,UNEDUCATED KID
330,하이라이트 (Highlight)
331,015B
332,디오 (D.O.)
333,한해
334,오혁
335,홍자
336,제국의아이들 (ZE:A)
337,엠블랙
338,골든차일드
339,Stray Kids (스트레이 키즈)
340,VICTON (빅톤)
341,더보이즈 (THE BOYZ)
342,Peder Elias
343,저스디스 (JUSTHIS)
344,구구단 (gugudan)
345,레인보우
346,손담비
347,동방신기 (TVXQ!)
348,애프터스쿨
349,우디 (Woody)
350,김필
351,박서준
352,몬스타엑스
353,마미손
354,크레용팝
355,원더걸스
356,Will Smith
357,체리 필터
358,지누션
359,트러블메이커
360,이찬원
361,김태우
362,울랄라세션
363,Christopher
364,나인뮤지스
365,헬로비너스
366,레이나 (Raina)
367,민경훈
368,박보검
369,하성운
370,이달의 소녀
371,박명수
372,김광석
373,노라조
374,컨츄리 꼬꼬
375,DJ DOC
376,PRISTIN (프리스틴)
377,소방차
378,전미도
379,BewhY (비와이)
380,Jessi (제시)
381,유승우
382,권진아
383,WOODZ (조승연)
384,정용화 (CNBLUE)
385,Selena Gomez
386,블락비 바스타즈
387,조정석
388,박신혜
389,Christina Aguilera
390,슬리피
391,넬 (NELL)
392,박현빈
393,장윤주
394,국카스텐
395,스웨덴세탁소
396,문글래스
397,정예은
398,캔
399,육각수
400,메이빈
401,쌍방울 자매
402,내귀에 도청장치
403,유영진
404,Primal Scream
405,신화
406,Kevin Kiner
407,태진아
408,Lukie D.
409,세희
410,야다 (Yada)
411,구본승
412,롤러 코스터
413,Bing Crosby
414,델리스파이스
415,David Sanborn
416,양희은
417,산울림
418,해와 달
419,듀크
420,Ray Eberle
421,Morishita Kaoru
422,주현미
423,Perez Prado
424,Scott Ross
425,박윤경
426,플라이 투 더 스카이
427,Howard Shore
428,송골매
429,김건모
430,크라잉넛 (CRYING NUT)
431,김흥국
432,Perdio
433,뱅크
434,은지원
435,송대관
436,동물원
437,Snoop Dogg
438,현미
439,조수미
440,유리상자
441,봄여름가을겨울
442,서태지
443,철이와 미애
444,신해철
445,샵
446,Chicago
